Bedrooms,Bathrooms,Is_Brand_New,Is_Modern,Has_Parking,City_Tier,Price_Log,House_Size_Scaled,Land_Size_Scaled
5.0,5.0,1,1,0,3,18.049617062561534,-0.10634517850258589,0.6564775739166029
9.0,8.0,1,1,0,5,19.11382792451231,2.946412132257828,0.6564775739166029
4.0,4.0,0,0,0,3,17.47907220409392,-0.1654308038721423,-0.5629427274980747
4.0,2.0,0,0,1,1,16.759949537130716,-0.36238288843733024,-0.18297843068045777
3.0,2.0,0,0,0,2,16.90655301132259,-0.8124184016687848,-0.3906333370807833
5.0,4.0,1,1,0,2,17.24949776244942,-0.10634517850258589,-0.22716032565925046
4.0,2.0,0,0,1,1,16.38045991542581,-0.7464394533394468,-0.8457068553623477
4.0,3.0,1,0,0,3,17.281246460764002,-0.1654308038721423,0.12629483417109086
3.0,2.0,0,0,0,3,16.785925023533974,-0.8941535167633379,-0.49225169553200643
4.0,6.0,0,0,0,4,17.717483227538917,0.2383209694864931,-0.49225169553200643
5.0,4.0,0,1,0,4,17.98989782785991,0.1152259166332506,-0.08577826172711396
2.0,1.0,0,1,0,3,16.972510979114386,-0.9227115690252901,-0.5364335905107991
8.0,6.0,0,1,0,5,19.11382792451231,2.4540319208448578,1.1866603136621148
4.0,4.0,0,1,0,4,18.03501826314038,0.1299973229756397,-0.49225169553200643
6.0,5.0,0,0,0,1,17.7667542765457,0.3860350329103841,0.12629483417109086
5.0,4.0,0,0,0,3,17.565014633894645,-0.007869136219991892,-0.22716032565925046
4.0,4.0,0,1,0,5,18.28141867661886,0.3466446159973465,-0.21832394666349195
5.0,2.0,0,0,0,6,18.643824295266576,-0.007869136219991892,1.0982965237045295
5.0,3.0,0,0,0,5,17.98989782785991,-0.2540592419264769,-0.05043274574407979
4.0,5.0,0,0,0,5,18.246327356807587,0.2383209694864931,-0.4038879055744211
3.0,3.0,0,0,0,3,17.576710673657836,-0.2796630129199513,-0.8457068553623477
4.0,4.0,1,1,0,4,17.822843743196746,0.2383209694864931,-0.49225169553200643
4.0,3.0,0,0,0,2,17.111347423968603,-0.7168966406546686,0.5681137839590175
3.0,2.0,0,0,0,4,17.909855120186375,-0.3894638000650436,0.3030224140862615
6.0,3.0,0,0,0,4,17.576710673657836,-0.10942255482391694,0.2146586241286762
4.0,2.0,0,0,1,2,17.111347423968603,0.5253786327402545,1.7168430534076267
4.0,3.0,0,0,0,5,17.466168799258014,-0.38700189900797877,-0.4038879055744211
5.0,5.0,1,1,0,4,18.469470908121796,-0.007869136219991892,-0.22716032565925046
3.0,3.0,0,0,0,2,17.182806387950748,-0.17527840810040168,-0.44806980055321377
4.0,2.0,0,0,0,4,18.05683731053502,0.0906069060626021,-0.49225169553200643
4.0,3.0,0,0,0,2,17.312018119430753,-0.4219608940182996,-0.44806980055321377
3.0,3.0,1,1,0,3,17.47907220409392,-0.3032972630677739,0.17047672914988352
4.0,3.0,1,0,0,2,17.19990082131005,-0.25110496065799903,-0.5647100032972264
6.0,4.0,0,1,0,6,18.410630408098864,0.1890829483451961,-0.05043274574407979
5.0,3.0,0,0,0,6,18.679191439103867,3.438792343670798,3.5724826425169187
3.0,2.0,0,0,0,3,16.523560759066484,-0.7464394533394468,-0.22716032565925046
4.0,3.0,1,1,0,3,17.776323727561852,-0.13096418907323437,-0.22716032565925046
3.0,2.0,0,0,0,2,17.09265529095645,-0.6233444004862043,-0.43923342155745526
4.0,3.0,0,1,0,2,17.296750647299966,-0.10634517850258589,-0.09461464072287246
4.0,3.0,1,1,0,3,17.776323727561852,-0.13096418907323437,-0.22716032565925046
2.0,1.0,0,0,0,2,17.034386382832476,-0.8941535167633379,0.6564775739166029
4.0,3.0,0,1,0,3,17.14771506813948,-0.15558319964388287,-0.23599670465500894
4.0,5.0,0,1,0,5,18.390221536467656,0.3860350329103841,-0.22716032565925046
3.0,3.0,0,1,1,3,17.073607095985757,-0.5987253899155558,-0.5364335905107991
3.0,2.0,0,0,0,2,16.951004773893423,-0.8941535167633379,-0.49225169553200643
4.0,4.0,0,0,0,2,17.64415195445337,-0.18020221021453137,-0.26250584164228463
3.0,3.0,0,1,0,3,17.64415195445337,-0.007869136219991892,-0.49225169553200643
4.0,3.0,0,1,0,3,17.499377470254665,-0.2540592419264769,-0.22716032565925046
5.0,3.0,1,1,0,2,17.296750647299966,-0.03248814679064039,-0.44806980055321377
4.0,3.0,0,0,0,4,17.216707939626428,-0.6558414944394604,-0.03982909094916962
5.0,4.0,0,0,0,4,18.749984491094967,0.4928815387869986,2.2744185680399904
4.0,4.0,0,1,0,2,17.64415195445337,-0.18020221021453137,-0.26250584164228463
3.0,2.0,1,1,0,3,17.49181122987135,-0.5002493476329618,0.17047672914988352
4.0,2.0,0,0,0,2,16.249123913364723,-0.7464394533394468,-0.22716032565925046
3.0,2.0,0,0,0,2,17.19990082131005,-0.7203433021345594,-0.3376150631062321
4.0,5.0,0,1,0,5,18.246327356807587,0.2383209694864931,-0.4038879055744211
5.0,4.0,0,1,0,6,17.822843743196746,-0.2540592419264769,-0.23157851515712977
3.0,2.0,0,0,0,1,16.727861222579214,-0.7351147084769485,-0.35086963159986995
4.0,2.0,0,0,1,3,17.43985149094064,-0.27129254932593083,0.32069517207777853
4.0,3.0,0,0,0,2,17.341871082580436,0.2383209694864931,0.6564775739166029
4.0,5.0,0,0,0,5,18.390221536467656,0.3860350329103841,-0.22716032565925046
2.0,1.0,0,0,0,2,15.671808548329901,-1.0418675801872288,-0.20948756766773344
4.0,3.0,0,1,0,4,17.822843743196746,0.0906069060626021,0.03793104421350554
4.0,1.0,0,0,1,6,17.034386382832476,-0.2540592419264769,-0.4038879055744211
2.0,1.0,0,0,0,6,18.02020317735524,-0.8350678913937815,0.39138620404384683
3.0,2.0,0,0,1,6,17.4264284706085,-0.8449154956220408,-0.4038879055744211
4.0,3.0,0,0,0,3,17.822843743196746,-0.16789270492920713,0.25884051910746886
6.0,6.0,0,0,0,5,18.258161814454592,0.4141007049609234,-0.20948756766773344
4.0,2.0,0,0,0,1,17.19990082131005,0.2383209694864931,-0.4038879055744211
6.0,2.0,0,0,0,2,16.99356438831222,-0.007869136219991892,3.3073912726441623
5.0,3.0,0,1,0,4,18.064005800013632,0.4845110751929781,-0.49225169553200643
6.0,4.0,0,1,0,5,19.806975105072254,3.438792343670798,5.0746670717958695
4.0,4.0,0,0,0,3,17.47907220409392,-0.23140975220148025,-0.5629427274980747
3.0,2.0,0,0,0,2,16.99356438831222,-0.8695345061926893,-0.5187608325192821
3.0,3.0,0,1,0,3,17.45309671769066,-0.5987253899155558,-0.4038879055744211
3.0,2.0,1,1,0,2,16.972510979114386,-0.8326059903367166,-0.5364335905107991
4.0,3.0,0,1,0,2,17.216707939626428,-0.7956774744807439,-0.49225169553200643
3.0,3.0,0,0,0,3,16.951004773893423,-0.7621956201046619,-0.35970601059562846
4.0,4.0,1,1,0,2,17.822843743196746,0.2383209694864931,-0.4038879055744211
5.0,3.0,0,1,0,2,17.399029496420383,0.0906069060626021,-0.18297843068045777
4.0,3.0,1,1,0,2,17.327055996795295,-0.007869136219991892,-0.4701607480426101
5.0,2.0,0,0,0,6,18.337299135013314,0.2383209694864931,1.4517516835348707
4.0,3.0,0,1,0,2,17.7667542765457,-0.37715429477971935,-0.44806980055321377
5.0,3.0,0,0,0,4,17.858561825798823,0.730701180899463,7.84045369746829
3.0,3.0,0,1,0,3,16.972510979114386,-0.7218204427687983,-0.4038879055744211
2.0,1.0,0,0,0,5,16.523560759066484,-0.8941535167633379,-0.7396703074132452
2.0,2.0,0,1,0,4,16.811242831518264,-0.7415156512253172,-0.44806980055321377
3.0,2.0,0,0,0,5,17.37085861945369,-0.6725824216275014,-0.5452699695065576
3.0,3.0,0,0,0,4,17.665658159674333,-0.19398885613409453,-0.3155241156168358
3.0,2.0,0,1,0,2,16.860032995687696,-0.9000620793002935,-0.5187608325192821
3.0,2.0,0,0,1,2,16.99356438831222,-0.8547630998503002,-0.5364335905107991
3.0,3.0,0,0,0,3,16.951004773893423,-0.7631803805274878,-0.35970601059562846
5.0,4.0,0,0,0,5,18.132998671500584,0.2383209694864931,0.6564775739166029
2.0,1.0,0,0,1,2,16.38045991542581,-1.0911056013285259,-0.5717791064938332
5.0,5.0,0,1,0,6,18.720785336402702,1.469271498018918,0.49742275199294916
5.0,3.0,0,0,0,2,17.49686174565742,-0.2964039401079923,0.060021991702901865
5.0,4.0,0,1,0,3,17.341871082580436,-0.007869136219991892,-0.49225169553200643
3.0,2.0,0,0,0,3,17.37085861945369,-0.007869136219991892,1.540115473492456
4.0,3.0,0,0,0,5,18.720785336402702,-0.007869136219991892,3.32506403063568
3.0,2.0,0,1,0,5,17.399029496420383,-0.6233444004862043,-0.27576041013592245
5.0,2.0,0,0,0,3,17.216707939626428,0.0906069060626021,-0.4038879055744211
3.0,2.0,1,1,0,3,17.45309671769066,-0.366321930128634,-0.3950515265786626
3.0,1.0,0,0,0,5,16.523560759066484,-0.7956774744807439,0.17047672914988352
4.0,3.0,0,0,0,4,18.258161814454592,0.976891286605948,1.2750241036197
6.0,3.0,0,0,0,4,17.565014633894645,-0.10979183998247667,0.2146586241286762
6.0,3.0,0,0,0,5,17.86729550576758,-0.10634517850258589,3.1306636927289917
5.0,3.0,0,0,1,6,18.951308995014536,-0.03248814679064039,0.6564775739166029
4.0,4.0,0,1,0,3,17.840862248699423,0.2383209694864931,-0.22716032565925046
4.0,4.0,0,0,0,3,17.529082624668582,-0.6972014321981498,-0.9561615928093294
3.0,3.0,0,0,0,6,18.720785336402702,-0.9852438558747373,1.504769957509422
3.0,2.0,0,0,0,5,18.132998671500584,-0.5002493476329618,1.540115473492456
4.0,3.0,1,0,0,4,17.840862248699423,-0.007869136219991892,-0.5806154854895917
5.0,3.0,1,1,0,3,17.686711568872166,0.3761874286821247,0.2146586241286762
2.0,1.0,0,0,0,5,16.454567887579532,-1.119171273379065,-0.7794340128941587
4.0,4.0,1,1,0,1,17.565014633894645,0.8449333899472721,-0.05043274574407979
4.0,2.0,0,0,0,3,17.111347423968603,-0.5435788062373033,-0.49225169553200643
3.0,2.0,1,1,1,2,16.785925023533974,-0.8941535167633379,-0.49225169553200643
5.0,3.0,0,0,1,6,18.29284737244248,-0.007869136219991892,-0.3155241156168358
4.0,4.0,0,0,0,6,19.25358986688747,0.6026823259320908,-0.22716032565925046
3.0,2.0,0,0,0,2,17.1296965626368,-0.6356539057715286,-0.22716032565925046
4.0,3.0,1,0,0,4,18.042344303232454,-0.057107157361288886,-0.3773787685871454
3.0,2.0,0,0,0,5,17.39206082710429,-0.5987253899155558,0.03793104421350554
4.0,3.0,1,1,1,3,17.47907220409392,-0.10634517850258589,-0.49225169553200643
4.0,3.0,0,1,0,5,18.19126757962456,-0.007869136219991892,-0.08577826172711396
3.0,1.0,0,0,1,3,17.014183675514957,-0.7464394533394468,0.6564775739166029
4.0,4.0,0,0,0,5,18.469470908121796,0.4845110751929781,0.2146586241286762
5.0,3.0,0,0,1,1,16.523560759066484,-0.7464394533394468,-0.8457068553623477
4.0,4.0,1,1,1,2,17.822843743196746,0.2383209694864931,-0.4038879055744211
5.0,4.0,0,1,1,3,18.258161814454592,-0.007869136219991892,-0.4038879055744211
4.0,2.0,0,0,1,1,16.510137738734343,-0.8695345061926893,-0.18297843068045777
4.0,3.0,0,0,0,6,18.683045008419857,-0.007869136219991892,2.070298213237968
6.0,2.0,0,0,0,3,17.281246460764002,-0.7464394533394468,-0.05043274574407979
4.0,4.0,0,1,0,5,18.29284737244248,0.730701180899463,-0.24483308365076745
3.0,1.0,0,0,1,1,16.64872390202049,-0.3032972630677739,-0.4038879055744211
3.0,3.0,0,1,0,4,18.02763815584276,-0.5002493476329618,-0.4038879055744211
5.0,4.0,0,1,0,5,18.064005800013632,0.0413688849213051,0.5548592154653799
6.0,4.0,0,1,0,5,17.47907220409392,-0.22845547093300245,-0.4701607480426101
6.0,6.0,0,1,0,6,18.258161814454592,0.2875589906277901,-0.4038879055744211
6.0,5.0,1,0,0,5,18.369387449564815,1.223081392312433,-0.3155241156168358
6.0,6.0,0,0,1,2,16.883563493097892,-0.007869136219991892,-0.3155241156168358
5.0,3.0,1,0,0,2,17.312018119430753,-0.007869136219991892,-0.44806980055321377
4.0,3.0,0,1,0,3,17.553180176247643,0.1890829483451961,-0.006250850765287128
4.0,3.0,0,0,0,3,18.064005800013632,-0.10634517850258589,0.3030224140862615
5.0,4.0,0,0,0,3,17.622173047734595,0.1201497187473803,0.2146586241286762
4.0,6.0,0,0,0,4,17.717483227538917,0.2383209694864931,-0.49225169553200643
5.0,3.0,0,0,0,5,18.258161814454592,0.4845110751929781,-0.19181480967621628
4.0,4.0,0,1,0,5,18.03501826314038,-0.057107157361288886,-0.08577826172711396
6.0,3.0,0,0,0,4,17.565014633894645,-0.10979183998247667,0.2146586241286762
5.0,4.0,1,0,0,2,17.281246460764002,-0.1654308038721423,-0.4038879055744211
5.0,5.0,0,1,0,5,18.75715298057358,1.223081392312433,0.7448413638741882
4.0,3.0,0,0,0,5,18.643824295266576,0.3367970117690871,0.4797499940014322
6.0,4.0,0,1,0,4,17.47907220409392,-0.22845547093300245,-0.4701607480426101
3.0,3.0,1,1,0,2,16.99356438831222,-0.8449154956220408,-0.49225169553200643
6.0,5.0,1,1,0,5,18.369387449564815,1.223081392312433,-0.3155241156168358
3.0,4.0,0,1,0,6,18.82614585206053,0.34565985557452056,0.5681137839590175
5.0,5.0,0,1,0,5,18.02763815584276,-0.5002493476329618,-0.4038879055744211
4.0,3.0,0,0,0,2,17.7073308560749,-0.1506593975297532,0.002585528230471374
4.0,3.0,0,1,0,3,17.19990082131005,-0.2895106171482107,-0.49225169553200643
5.0,3.0,0,1,0,2,17.399029496420383,0.0906069060626021,-0.18297843068045777
3.0,2.0,1,1,0,2,17.073607095985757,-0.7956774744807439,-0.23599670465500894
4.0,5.0,0,0,0,5,18.390221536467656,0.3860350329103841,-0.22716032565925046
4.0,3.0,1,1,1,3,17.47907220409392,-0.10634517850258589,-0.49225169553200643
4.0,4.0,1,1,0,4,17.686711568872166,-0.20482122078517986,-0.3155241156168358
3.0,2.0,0,0,0,6,17.7073308560749,-0.007869136219991892,-0.2713422206380431
3.0,2.0,0,0,0,3,17.281246460764002,0.2875589906277901,-0.05043274574407979
4.0,3.0,0,0,0,2,17.19990082131005,-0.2471659189666953,-0.5629427274980747
3.0,3.0,1,1,0,3,17.356469882001587,-0.45101132649166487,-0.49225169553200643
8.0,6.0,0,1,0,5,19.11382792451231,2.4540319208448578,1.1866603136621148
3.0,2.0,0,0,0,3,17.034386382832476,-0.3032972630677739,0.7006594688953955
3.0,2.0,0,0,0,5,17.576710673657836,-0.6725824216275014,-0.49225169553200643
6.0,5.0,0,0,1,2,17.47907220409392,0.533749096334275,-0.49225169553200643
4.0,4.0,0,1,0,2,17.312018119430753,-0.2540592419264769,-0.29343316812743947
5.0,5.0,0,1,0,6,20.560746907448635,1.715461603725403,0.4797499940014322
6.0,1.0,0,1,1,3,17.98989782785991,-1.4850097704589018,0.7448413638741882
4.0,4.0,1,1,1,3,17.576710673657836,-0.057107157361288886,-0.5806154854895917
5.0,4.0,0,1,0,4,18.890684373198102,0.976891286605948,1.4959335785136634
4.0,4.0,1,0,0,2,17.399029496420383,-0.15558319964388287,-0.4038879055744211
3.0,2.0,0,0,0,1,16.972510979114386,-0.8449154956220408,-0.22716032565925046
4.0,3.0,0,0,0,3,17.47907220409392,-0.2939420390509274,-0.5806154854895917
6.0,6.0,1,1,0,4,18.246327356807587,-0.40177330535036787,-0.006250850765287128
6.0,5.0,0,1,0,6,19.008467408854486,0.976891286605948,0.32688063737480955
5.0,4.0,0,0,0,3,17.37085861945369,-0.14672035583844942,-0.49225169553200643
3.0,2.0,0,1,1,1,16.759949537130716,-0.7710584639100954,-0.1387965357016651
3.0,2.0,0,1,0,2,16.90655301132259,-0.8124184016687848,-0.3906333370807833
3.0,3.0,0,1,0,5,18.02763815584276,-0.5002493476329618,-0.4038879055744211
4.0,3.0,0,1,0,5,18.049617062561534,0.2383209694864931,0.4797499940014322
5.0,3.0,0,1,0,5,18.132998671500584,0.3860350329103841,0.25884051910746886
4.0,3.0,0,0,0,3,17.47907220409392,-0.2540592419264769,-0.09638191652202413
4.0,4.0,0,1,0,3,17.822843743196746,0.2383209694864931,-0.22716032565925046
5.0,5.0,0,0,0,5,19.33697147582652,0.878415244323354,1.540115473492456
5.0,5.0,0,1,0,4,19.519293032620475,2.946412132257828,0.7448413638741882
5.0,4.0,1,1,0,3,17.4264284706085,0.0413688849213051,-0.35970601059562846
3.0,2.0,0,0,1,2,16.41820024340866,-0.9433915379046348,-0.35970601059562846
5.0,2.0,0,0,0,1,18.84594847935671,0.4845110751929781,6.40012392115965
4.0,4.0,1,0,0,2,17.822843743196746,0.0906069060626021,-0.4038879055744211
3.0,2.0,0,1,0,1,16.785925023533974,-0.45101132649166487,-0.49225169553200643
5.0,5.0,0,0,0,6,18.819456863909732,1.124605350029839,0.12629483417109086
4.0,4.0,0,1,0,5,18.03501826314038,0.0906069060626021,-0.5364335905107991
5.0,4.0,0,1,0,3,17.98989782785991,0.2137019589158446,-0.1387965357016651
5.0,4.0,0,1,0,2,17.7473361906886,0.3367970117690871,-0.22716032565925046
4.0,4.0,1,1,1,3,17.717483227538917,-0.007869136219991892,-0.49225169553200643
3.0,3.0,1,0,0,2,17.1296965626368,-0.7710584639100954,-0.22716032565925046
5.0,3.0,0,1,0,4,18.258161814454592,0.976891286605948,0.7006594688953955
4.0,4.0,0,0,0,3,18.132998671500584,0.7799392020407601,-0.05043274574407979
5.0,5.0,0,0,0,3,18.469470908121796,0.4845110751929781,1.0982965237045295
5.0,4.0,0,0,0,3,17.529082624668582,-0.007869136219991892,-0.3066877366210773
4.0,4.0,0,1,0,5,18.28141867661886,0.7385792642820705,-0.24483308365076745
4.0,3.0,0,0,0,2,17.80449460452855,0.4845110751929781,-0.08577826172711396
4.0,3.0,0,1,0,6,17.7073308560749,-0.007869136219991892,0.02556011361944354
5.0,5.0,0,0,1,5,19.432281655630845,1.961651709431888,1.805206843365212
4.0,3.0,0,1,1,3,17.49181122987135,-0.10634517850258589,-0.1387965357016651
4.0,3.0,1,0,0,5,17.840862248699423,-0.007869136219991892,-0.5806154854895917
4.0,3.0,0,0,0,3,17.47907220409392,-0.29443441926234043,-0.5806154854895917
3.0,3.0,0,0,1,5,18.132998671500584,-0.007869136219991892,-0.05043274574407979
6.0,5.0,0,0,0,6,19.532538259370497,-0.007869136219991892,0.5681137839590175
4.0,3.0,0,1,0,2,17.341871082580436,0.0906069060626021,-0.22716032565925046
4.0,2.0,0,0,0,6,18.064005800013632,0.4845110751929781,0.8332051538317735
5.0,4.0,1,1,0,5,18.184958410431296,1.223081392312433,-0.09461464072287246
4.0,3.0,0,0,0,4,18.420680743952367,-0.007869136219991892,-0.08577826172711396
3.0,3.0,0,0,1,3,17.09265529095645,-0.7021252343122796,-0.18297843068045777
4.0,4.0,0,0,0,2,17.312018119430753,-0.20482122078517986,-0.22716032565925046
4.0,4.0,0,0,0,5,18.132998671500584,-0.06695476158954829,0.6122956789378101
3.0,2.0,0,0,0,2,17.19990082131005,-0.7203433021345594,-0.3376150631062321
4.0,3.0,0,1,0,5,17.785802471516394,-0.27867825249712536,-0.35970601059562846
6.0,4.0,0,0,0,6,18.51599092375669,0.2383209694864931,0.2190768136265555
4.0,2.0,0,0,0,1,16.796129193708218,-0.5002493476329618,0.0821129391922982
6.0,6.0,0,0,0,5,18.83939107881055,-0.2309173719900673,0.011421907226229875
3.0,2.0,1,0,0,2,16.972510979114386,-0.8547630998503002,-0.5541063485023162
4.0,2.0,0,0,0,6,17.296750647299966,-0.007869136219991892,-0.22716032565925046
4.0,4.0,0,0,0,2,17.312018119430753,-0.10634517850258589,-0.35970601059562846
5.0,2.0,0,0,0,2,17.09265529095645,0.011826072236526907,-0.19623299917409562
3.0,2.0,0,0,0,3,16.929025867174648,-0.7572718179905322,-0.4038879055744211
4.0,4.0,0,0,0,5,18.05683731053502,0.2383209694864931,0.7448413638741882
4.0,3.0,0,0,0,5,17.893048001869992,-0.2540592419264769,-0.22716032565925046
3.0,2.0,1,0,0,3,17.111347423968603,-0.8769202093638838,-0.5806154854895917
4.0,3.0,0,0,1,6,17.822843743196746,0.0413688849213051,-0.1387965357016651
4.0,2.0,1,1,0,5,17.19990082131005,-0.20482122078517986,-0.5982882434811089
4.0,3.0,0,1,0,4,19.755681810684706,0.976891286605948,4.1910291722200155
2.0,2.0,0,1,0,6,17.64415195445337,-0.9433915379046348,-0.22716032565925046
3.0,2.0,0,0,1,5,17.822843743196746,-0.2540592419264769,1.1424784186833221
8.0,8.0,0,1,0,4,19.583831553758046,2.946412132257828,1.540115473492456
6.0,4.0,1,0,0,6,18.184958410431296,0.2875589906277901,-0.05043274574407979
5.0,5.0,0,1,0,4,18.132998671500584,0.3860350329103841,-0.5629427274980747
4.0,4.0,1,0,0,5,17.622173047734595,0.4254254498234217,-0.47457893754048935
3.0,2.0,1,1,0,2,16.99356438831222,-0.8941535167633379,-0.4038879055744211
3.0,2.0,0,0,0,6,17.034386382832476,-0.8449154956220408,-0.4834153165362479
3.0,2.0,0,0,0,2,16.90655301132259,-0.8124184016687848,-0.3906333370807833
6.0,6.0,0,0,0,5,18.132998671500584,0.7272545194195723,-0.20948756766773344
5.0,4.0,1,1,0,3,17.958645284355807,0.2383209694864931,-0.1387965357016651
4.0,4.0,0,1,0,2,17.19990082131005,-0.5002493476329618,-0.5806154854895917
4.0,4.0,0,1,0,3,17.553180176247643,-0.27867825249712536,-0.4834153165362479
4.0,4.0,0,1,0,5,18.469470908121796,0.4845110751929781,-0.4038879055744211
3.0,2.0,0,0,0,3,17.64415195445337,-0.5002493476329618,0.03793104421350554
5.0,4.0,0,0,0,4,17.98989782785991,0.1152259166332506,-0.08577826172711396
3.0,2.0,0,0,1,4,17.216707939626428,-0.007869136219991892,-0.2536694626465261
3.0,2.0,0,0,0,1,16.951004773893423,-0.7464394533394468,-0.2713422206380431
3.0,2.0,1,1,1,3,17.073607095985757,-0.8941535167633379,-0.22716032565925046
4.0,2.0,1,0,0,1,17.1296965626368,-0.6972014321981498,0.12629483417109086
6.0,2.0,0,0,0,4,17.281246460764002,-0.37715429477971935,-0.4215606635659382
3.0,1.0,0,0,0,3,18.165788494323575,-0.5987253899155558,-0.2112548434668851
4.0,3.0,0,1,0,3,17.50439001207821,0.0906069060626021,-0.4038879055744211
4.0,2.0,0,0,0,6,18.705859686186027,0.2383209694864931,1.2529331561303039
3.0,3.0,0,0,1,5,17.281246460764002,-0.5002493476329618,-0.5806154854895917
5.0,7.0,0,1,0,5,19.519293032620475,2.946412132257828,1.6284792634500413
6.0,6.0,1,1,0,4,18.246327356807587,1.567747540301512,-0.006250850765287128
5.0,5.0,1,1,0,4,18.643824295266576,0.730701180899463,-0.22716032565925046
4.0,3.0,1,1,0,4,17.840862248699423,-0.007869136219991892,-0.5806154854895917
4.0,4.0,0,0,0,3,17.565014633894645,-0.17429364767757574,-0.44806980055321377
6.0,4.0,0,0,0,4,17.47907220409392,-0.20482122078517986,-0.4701607480426101
5.0,2.0,1,1,0,3,17.43985149094064,-0.01279293833412159,-0.22716032565925046
3.0,3.0,0,0,0,1,18.31532022829454,-0.007869136219991892,3.1306636927289917
2.0,2.0,0,0,1,5,17.296750647299966,-0.8941535167633379,-0.4038879055744211
4.0,3.0,0,0,0,6,19.3761921889798,0.4845110751929781,5.25139465171104
5.0,5.0,0,1,0,5,18.75715298057358,1.173843371171136,0.7448413638741882
4.0,4.0,0,0,0,4,17.95067711470663,0.4845110751929781,-0.4038879055744211
4.0,3.0,0,0,0,5,18.60300230074632,-0.5987253899155558,1.0982965237045295
4.0,5.0,0,1,0,4,18.41566820212882,0.5829871174755721,-0.22716032565925046
5.0,3.0,0,1,0,5,18.064005800013632,0.0906069060626021,-0.44806980055321377
4.0,3.0,0,1,0,3,17.47907220409392,-0.3451495810378763,-0.5523390727031644
4.0,1.0,0,0,1,5,17.216707939626428,-0.5002493476329618,-0.05043274574407979
4.0,3.0,0,1,0,3,17.599700191882537,0.2383209694864931,-0.22716032565925046
3.0,2.0,1,1,0,2,16.972510979114386,-0.7956774744807439,-0.23599670465500894
2.0,1.0,1,0,0,1,16.600521800202614,-0.7464394533394468,-0.35970601059562846
4.0,3.0,0,1,0,3,17.576710673657836,-0.03248814679064039,-0.5806154854895917
5.0,5.0,0,1,0,6,19.209138104316636,1.469271498018918,0.6564775739166029
3.0,3.0,0,0,0,3,17.034386382832476,-0.7710584639100954,-0.4038879055744211
4.0,4.0,0,0,0,4,17.14771506813948,-0.9926295590459319,-0.1387965357016651
5.0,2.0,0,0,0,1,17.622173047734595,-0.2540592419264769,-0.22716032565925046
3.0,2.0,0,0,0,3,16.733281290048552,-0.9325591732535495,-0.2713422206380431
4.0,4.0,0,1,0,4,18.03501826314038,-0.20482122078517986,-0.5452699695065576
4.0,2.0,0,0,1,1,19.11382792451231,-0.2540592419264769,2.423753373068309
8.0,6.0,0,0,1,2,17.72753356339242,-0.007869136219991892,-0.24925127314864678
3.0,2.0,0,1,0,4,17.341871082580436,-0.6233444004862043,-0.27576041013592245
5.0,4.0,1,1,0,5,17.822843743196746,-0.007869136219991892,-0.4038879055744211
4.0,4.0,1,1,0,4,18.184958410431296,0.2777113863995307,0.3030224140862615
5.0,5.0,0,1,0,5,18.75715298057358,1.223081392312433,0.7448413638741882
6.0,5.0,0,0,0,5,19.11382792451231,1.469271498018918,1.3633878935772854
4.0,4.0,0,1,0,2,18.75715298057358,0.878415244323354,0.2146586241286762
5.0,4.0,0,0,1,4,17.296750647299966,0.4845110751929781,0.020258286221988532
4.0,3.0,0,0,1,5,17.622173047734595,-0.5125588529182861,-0.7705976338984002
4.0,4.0,0,1,0,3,17.599700191882537,-0.10634517850258589,-0.22716032565925046
4.0,3.0,1,1,0,2,17.717483227538917,-0.08172616793193739,-0.5806154854895917
4.0,3.0,0,0,1,1,16.929025867174648,-1.0418675801872288,-0.8059431498814342
5.0,3.0,0,0,0,4,17.676240269004868,0.5879109195897018,0.0821129391922982
5.0,4.0,0,0,0,4,17.665658159674333,-0.007869136219991892,-0.22716032565925046
5.0,4.0,0,0,0,6,19.008467408854486,0.878415244323354,0.10420388668169453
2.0,1.0,0,0,0,1,16.61887093887081,-1.0344818770160342,-0.5010880745277649
4.0,4.0,0,0,0,4,17.875953568510692,-0.15558319964388287,-0.3155241156168358
3.0,2.0,0,0,0,2,17.073607095985757,-0.8941535167633379,0.6564775739166029
5.0,5.0,1,1,0,4,18.132998671500584,0.3860350329103841,-0.5629427274980747
3.0,3.0,1,1,1,2,16.951004773893423,-0.8941535167633379,-0.5806154854895917
4.0,3.0,0,1,0,2,17.16541464523888,-0.7956774744807439,-0.7573430654047624
3.0,2.0,1,1,0,2,16.99356438831222,-0.8941535167633379,-0.49225169553200643
4.0,3.0,0,0,0,5,19.33697147582652,0.976891286605948,0.6564775739166029
4.0,4.0,0,1,0,5,18.105969999112666,-0.08172616793193739,-0.20948756766773344
3.0,2.0,0,0,0,3,17.073607095985757,-0.8941535167633379,-0.22716032565925046
3.0,2.0,0,0,0,4,17.399029496420383,-0.7464394533394468,-0.22716032565925046
6.0,3.0,0,0,0,5,17.858561825798823,0.2875589906277901,-0.03275998775256279
4.0,2.0,1,1,0,2,17.47907220409392,-0.5455483270829551,-0.5806154854895917
3.0,3.0,1,1,0,3,17.466168799258014,-0.2540592419264769,-0.49225169553200643
3.0,3.0,0,0,0,3,17.45309671769066,-0.5002493476329618,-0.5364335905107991
3.0,3.0,0,0,0,4,18.064005800013632,-0.3569667061117876,0.3030224140862615
5.0,2.0,0,1,0,5,18.420680743952367,-0.007869136219991892,-0.2996186334244704
4.0,3.0,0,0,0,3,17.4264284706085,-0.06695476158954829,-0.1741420516846993
8.0,3.0,1,0,1,4,18.132998671500584,0.0906069060626021,0.10862207617957387
4.0,4.0,0,1,0,6,18.65179246491575,0.2875589906277901,-0.22716032565925046
5.0,4.0,0,1,0,4,18.03501826314038,0.2875589906277901,-0.42597885306381744
3.0,2.0,0,0,1,2,16.41820024340866,-0.9433915379046348,-0.35970601059562846
5.0,3.0,0,0,0,3,18.258161814454592,0.0906069060626021,0.6564775739166029
3.0,2.0,0,0,0,2,16.759949537130716,-0.8104488808231329,-0.1387965357016651
5.0,3.0,1,0,0,2,17.296750647299966,-0.2486430596009342,-0.44806980055321377
6.0,4.0,0,0,0,6,20.024100584060903,0.4845110751929781,0.9657508387681515
4.0,2.0,0,0,1,6,18.258161814454592,-0.2540592419264769,1.6284792634500413
4.0,4.0,0,1,0,5,18.258161814454592,0.632225138616869,-0.22716032565925046
4.0,2.0,0,0,0,6,17.37085861945369,-0.007869136219991892,-0.44806980055321377
5.0,3.0,0,0,0,4,18.921456031864853,0.3860350329103841,-0.05043274574407979
4.0,3.0,0,1,0,3,17.50439001207821,-0.10634517850258589,-0.49225169553200643
5.0,3.0,0,1,0,5,18.560442686327523,0.3367970117690871,0.4797499940014322
5.0,3.0,0,1,0,5,17.676240269004868,0.5879109195897018,0.0821129391922982
4.0,3.0,1,1,0,6,17.7073308560749,-0.1654308038721423,-0.05043274574407979
5.0,4.0,0,0,0,3,17.588271496058912,-0.32840865384983536,-0.3066877366210773
4.0,2.0,0,0,0,3,16.951004773893423,-0.3323476955411391,-0.4038879055744211
2.0,2.0,1,0,0,2,16.972510979114386,-0.8449154956220408,-0.5364335905107991
5.0,6.0,1,1,0,3,19.67344371244773,1.715461603725403,1.540115473492456
5.0,3.0,0,0,0,5,17.80449460452855,-0.10634517850258589,-0.18297843068045777
4.0,4.0,0,0,0,5,18.258161814454592,0.3860350329103841,-0.18297843068045777
4.0,2.0,0,1,0,5,18.304146927696415,0.2383209694864931,0.39138620404384683
5.0,5.0,0,1,0,6,20.43558376449463,1.715461603725403,0.4797499940014322
7.0,4.0,0,1,0,5,18.819456863909732,0.976891286605948,0.39138620404384683
3.0,2.0,0,1,0,2,16.759949537130716,-0.8055250787090033,-0.1387965357016651
5.0,2.0,0,0,1,1,17.216707939626428,-0.2540592419264769,-0.34203325260411144
3.0,2.0,0,1,0,5,18.258161814454592,-0.6085729941438153,-0.5806154854895917
5.0,4.0,0,0,0,4,18.05683731053502,0.3367970117690871,-0.49225169553200643
4.0,3.0,1,1,0,2,17.98989782785991,-0.27867825249712536,0.6564775739166029
3.0,3.0,0,1,1,3,17.073607095985757,-0.5987253899155558,-0.5364335905107991
5.0,4.0,1,1,0,4,18.132998671500584,0.2383209694864931,-0.5806154854895917
4.0,3.0,0,1,0,2,17.45309671769066,-0.2486430596009342,-0.4038879055744211
4.0,3.0,0,0,0,4,17.654962870557586,-0.08172616793193739,-0.5806154854895917
3.0,1.0,1,0,0,1,16.785925023533974,-0.8941535167633379,-0.49225169553200643
4.0,2.0,0,1,0,3,17.565014633894645,-0.2540592419264769,-0.44806980055321377
4.0,4.0,1,1,0,2,18.184958410431296,0.2777113863995307,0.3030224140862615
4.0,2.0,1,1,0,2,17.47907220409392,-0.5002493476329618,-0.5806154854895917
3.0,4.0,0,1,0,5,18.82614585206053,0.34565985557452056,0.5681137839590175
5.0,4.0,0,0,0,4,17.622173047734595,-0.2540690895307051,-0.22716032565925046
3.0,2.0,0,1,0,1,16.759949537130716,-0.8055250787090033,-0.1387965357016651
4.0,2.0,1,0,0,1,17.216707939626428,-0.40029616471612894,0.21377498622910035
4.0,4.0,1,0,1,2,17.312018119430753,-0.057107157361288886,-0.5806154854895917
3.0,2.0,0,0,0,1,16.785925023533974,-0.8449154956220408,-0.22716032565925046
2.0,2.0,0,0,0,4,18.132998671500584,-0.841961214353563,-0.05043274574407979
5.0,5.0,0,1,0,4,18.132998671500584,0.3860350329103841,-0.5629427274980747
3.0,2.0,1,1,1,3,17.111347423968603,-0.8769202093638838,-0.5806154854895917
3.0,3.0,1,0,0,4,17.073607095985757,-0.5002493476329618,-0.49225169553200643
3.0,3.0,0,1,0,3,17.64415195445337,-0.13096418907323437,-0.41714247406805893
4.0,4.0,0,1,0,5,18.82614585206053,0.2383209694864931,0.6564775739166029
6.0,4.0,0,0,1,4,17.98989782785991,-0.2540592419264769,-0.6689792754471771
3.0,3.0,1,0,0,2,17.1296965626368,-0.6972014321981498,-0.22716032565925046
3.0,1.0,0,0,0,1,16.733281290048552,-0.8119260214573718,-0.22716032565925046
5.0,4.0,0,1,0,3,17.686711568872166,-0.007874060022106128,0.7890232588529809
3.0,2.0,0,0,0,3,17.034386382832476,-0.8941535167633379,-0.4038879055744211
5.0,4.0,0,0,0,3,18.049617062561534,0.4845110751929781,0.6564775739166029
4.0,5.0,0,1,0,6,18.369387449564815,-0.11520802230801934,-0.49225169553200643
4.0,4.0,0,1,0,2,18.75715298057358,0.4254254498234217,0.2146586241286762
4.0,4.0,0,1,0,4,18.469470908121796,0.4845110751929781,-0.4038879055744211
5.0,5.0,0,1,0,4,19.519293032620475,2.946412132257828,0.7448413638741882
5.0,5.0,0,1,0,6,19.209138104316636,0.976891286605948,0.6564775739166029
3.0,2.0,0,0,0,3,17.45309671769066,-0.5888777856872964,-0.4038879055744211
5.0,5.0,1,1,0,4,18.132998671500584,0.3860350329103841,-0.5629427274980747
3.0,3.0,0,0,0,1,18.369387449564815,-0.2540592419264769,0.5681137839590175
3.0,3.0,0,0,0,1,16.785925023533974,-0.7956774744807439,-0.35970601059562846
3.0,2.0,1,1,0,2,16.972510979114386,-0.8340831309709554,-0.5452699695065576
3.0,3.0,0,0,1,1,17.296750647299966,-0.5987253899155558,-0.5806154854895917
3.0,2.0,0,0,0,2,16.759949537130716,-0.5002493476329618,-0.49225169553200643
4.0,3.0,0,1,1,4,18.064005800013632,-0.007869136219991892,0.12629483417109086
5.0,4.0,0,0,0,3,17.553180176247643,-0.007869136219991892,-0.22716032565925046
3.0,3.0,1,1,0,2,17.182806387950748,-0.3032972630677739,-0.44806980055321377
3.0,2.0,0,1,0,2,17.599700191882537,-0.6996633332552147,-0.5585245380001954
2.0,2.0,1,0,0,1,16.166885815127753,-1.0418675801872288,-0.8457068553623477
4.0,4.0,0,1,0,3,17.47907220409392,-0.27867825249712536,-0.49225169553200643
3.0,2.0,0,0,0,1,16.759949537130716,-0.7671194222187916,-0.1387965357016651
4.0,4.0,0,0,1,6,18.420680743952367,0.1398449272038991,0.3648770670565712
3.0,1.0,0,0,1,2,16.523560759066484,-0.8941535167633379,-0.5806154854895917
7.0,2.0,0,0,0,6,20.671972542558862,2.503269941986155,1.540115473492456
3.0,3.0,0,1,0,2,17.37085861945369,-0.24224211685256558,-0.49225169553200643
3.0,3.0,0,0,1,5,18.82614585206053,0.3367970117690871,0.5681137839590175
4.0,4.0,1,1,1,3,17.356469882001587,-0.45101132649166487,-0.49225169553200643
5.0,4.0,0,1,0,6,18.369387449564815,0.0906069060626021,-0.18297843068045777
3.0,2.0,1,1,0,2,16.99356438831222,-0.8941535167633379,-0.49225169553200643
4.0,4.0,0,0,0,5,18.890684373198102,1.961651709431888,2.8655723228562358
6.0,5.0,1,1,0,6,18.81272283172839,0.976891286605948,0.39138620404384683
4.0,3.0,0,1,0,3,17.588271496058912,-0.45101132649166487,-0.49225169553200643
3.0,3.0,1,0,0,2,16.951004773893423,-0.8498392977361705,-0.49225169553200643
4.0,4.0,0,0,0,6,17.909855120186375,-0.2540592419264769,-0.2713422206380431
6.0,4.0,0,0,0,4,17.553180176247643,-0.20482122078517986,-0.4701607480426101
3.0,2.0,0,1,0,5,17.893048001869992,-0.5987352375197841,-0.22716032565925046
4.0,5.0,0,0,0,5,18.146243898250606,-0.007869136219991892,-0.29343316812743947
9.0,4.0,0,0,0,4,18.75715298057358,0.878415244323354,0.2146586241286762
4.0,3.0,0,0,0,3,17.14771506813948,-0.5002493476329618,-0.5629427274980747
3.0,3.0,0,0,1,5,17.942644943009366,-0.1733088872547498,-0.5275972115150406
9.0,4.0,0,0,0,4,18.60300230074632,0.878415244323354,0.2146586241286762
8.0,6.0,1,0,0,6,18.560442686327523,1.223081392312433,-0.49225169553200643
5.0,5.0,0,1,0,3,18.132998671500584,0.2383209694864931,-0.22716032565925046
2.0,1.0,0,0,0,1,16.759949537130716,-1.0911056013285259,-0.35970601059562846
4.0,3.0,0,0,0,5,18.304146927696415,0.4845110751929781,0.39138620404384683
5.0,4.0,0,0,0,4,17.622173047734595,-0.2540592419264769,-0.22716032565925046
4.0,4.0,0,0,0,3,17.717483227538917,-0.007869136219991892,-0.49225169553200643
5.0,3.0,0,1,0,4,17.822843743196746,0.0906069060626021,0.2146586241286762
5.0,6.0,1,1,0,5,18.497641785088494,1.469271498018918,-0.1387965357016651
3.0,2.0,0,0,0,6,17.7667542765457,-0.2540592419264769,-0.44806980055321377
5.0,3.0,0,0,0,3,17.43985149094064,-0.39389522196776033,0.37371344605232987
5.0,2.0,0,0,1,4,17.893048001869992,0.4845110751929781,-0.22716032565925046
3.0,2.0,1,0,0,2,16.454567887579532,-1.0418675801872288,-0.8457068553623477
4.0,4.0,1,0,0,5,17.822843743196746,0.2383209694864931,-0.49225169553200643
4.0,3.0,0,1,0,2,17.576710673657836,-0.27867825249712536,-0.5806154854895917
4.0,3.0,0,0,1,6,19.25358986688747,0.4845110751929781,-0.22716032565925046
6.0,4.0,1,1,0,6,18.420680743952367,0.4845110751929781,-0.22716032565925046
4.0,4.0,0,0,0,2,17.312018119430753,-0.15558319964388287,-0.44806980055321377
3.0,2.0,1,1,0,2,17.1296965626368,-0.7464394533394468,-0.22716032565925046
4.0,3.0,0,0,0,3,17.47907220409392,-0.3451495810378763,-0.5523390727031644
4.0,3.0,1,0,0,5,17.840862248699423,-0.007869136219991892,-0.5806154854895917
3.0,2.0,0,0,0,3,17.073607095985757,-0.8941535167633379,-0.22716032565925046
5.0,3.0,0,0,0,4,17.665658159674333,0.0906069060626021,0.3472043090650542
4.0,4.0,0,0,0,5,17.90651621892086,0.16200203671748276,-0.1405638115008168
5.0,5.0,1,1,0,4,18.09217667698033,0.3860350329103841,-0.5629427274980747
4.0,2.0,0,0,0,1,16.860032995687696,-0.9926295590459319,-0.9119796978305368
4.0,4.0,1,1,0,4,17.822843743196746,0.2383209694864931,-0.49225169553200643
4.0,3.0,0,1,0,3,17.565014633894645,-0.27867825249712536,-0.44806980055321377
4.0,3.0,0,1,0,3,17.4264284706085,-0.007869136219991892,-0.2006511886719748
4.0,4.0,0,1,0,6,18.197537192638155,0.4845110751929781,-0.44806980055321377
3.0,2.0,0,0,0,5,17.622173047734595,-0.3525352842090709,-0.1387965357016651
4.0,5.0,0,0,0,3,18.02763815584276,0.5091300857636266,-0.3066877366210773
4.0,4.0,1,0,0,3,17.7073308560749,-0.08172616793193739,-0.44806980055321377
4.0,3.0,0,1,0,2,17.654962870557586,0.06598789549195361,-0.5806154854895917
4.0,4.0,0,1,0,5,18.049617062561534,0.3860350329103841,-0.22716032565925046
3.0,3.0,0,0,0,3,17.281246460764002,-0.2540592419264769,-0.3155241156168358
4.0,3.0,0,0,0,1,17.19990082131005,-0.2540592419264769,-0.22716032565925046
5.0,4.0,0,1,0,4,17.776323727561852,-0.3032972630677739,-0.4038879055744211
4.0,4.0,0,1,0,4,17.95067711470663,0.0906069060626021,-0.4038879055744211
4.0,3.0,0,0,1,3,17.822843743196746,-0.007869136219991892,0.2146586241286762
4.0,4.0,0,0,0,5,19.25358986688747,1.469271498018918,-0.18297843068045777
4.0,3.0,1,1,0,4,18.05683731053502,-0.057107157361288886,-0.49225169553200643
4.0,2.0,0,0,0,2,17.073607095985757,-0.40177330535036787,-0.22716032565925046
3.0,3.0,1,0,0,2,16.951004773893423,-0.8498392977361705,-0.49225169553200643
4.0,3.0,1,1,0,2,17.37085861945369,0.5583681069049236,-0.3906333370807833
3.0,3.0,0,1,1,2,17.034386382832476,-0.8498392977361705,-0.49225169553200643
5.0,3.0,0,1,0,6,18.234351165760874,-0.007869136219991892,-0.3155241156168358
6.0,5.0,0,1,0,6,18.951308995014536,1.469271498018918,0.7890232588529809
2.0,2.0,0,0,0,3,16.523560759066484,-0.9926295590459319,-0.9119796978305368
5.0,3.0,0,0,1,2,17.14771506813948,-0.37715429477971935,-0.44806980055321377
4.0,4.0,0,0,0,2,17.822843743196746,0.1890829483451961,-0.4038879055744211
3.0,2.0,1,0,0,2,17.073607095985757,-0.7710584639100954,-0.22716032565925046
3.0,2.0,0,1,0,3,17.47907220409392,-0.32791627363842235,-0.44806980055321377
4.0,3.0,0,0,0,4,17.43985149094064,-0.4421484826862314,-0.1387965357016651
4.0,3.0,1,1,0,4,17.840862248699423,-0.007869136219991892,-0.5806154854895917
2.0,2.0,0,0,0,2,16.951004773893423,-0.8941535167633379,-0.006250850765287128
3.0,3.0,0,0,0,4,18.03501826314038,-0.08172616793193739,-0.2713422206380431
3.0,1.0,0,0,0,3,16.733281290048552,-0.8941535167633379,-0.22716032565925046
5.0,4.0,1,0,0,3,18.02763815584276,0.5091300857636266,-0.3066877366210773
3.0,2.0,0,0,0,3,16.785925023533974,-0.8616564228100818,-0.35970601059562846
4.0,4.0,0,0,0,3,17.47907220409392,-0.10634517850258589,-0.5364335905107991
4.0,3.0,0,1,0,3,17.622173047734595,-0.007869136219991892,-0.22716032565925046
4.0,4.0,0,1,0,3,17.676240269004868,-0.007869136219991892,-0.22716032565925046
4.0,4.0,1,1,0,3,17.676240269004868,0.11719543747890247,-0.3155241156168358
3.0,3.0,0,0,0,4,17.84975119611667,-0.32791627363842235,-0.2713422206380431
3.0,2.0,0,0,1,2,16.811242831518264,-0.5002493476329618,-0.2713422206380431
4.0,2.0,0,1,0,3,17.858561825798823,-0.5987253899155558,-0.5806154854895917
3.0,2.0,0,1,0,3,17.1296965626368,-0.11373088167378043,-0.1741420516846993
5.0,4.0,1,0,0,3,17.622173047734595,0.4771253720217835,0.2146586241286762
5.0,3.0,0,0,0,1,16.38045991542581,-0.7464394533394468,-0.8457068553623477
4.0,3.0,1,1,0,3,17.47907220409392,-0.10634517850258589,-0.49225169553200643
3.0,2.0,0,0,0,2,16.785925023533974,-0.8124184016687848,-0.5055062640256442
3.0,3.0,0,0,0,4,18.05683731053502,-0.2456887783324564,-0.05043274574407979
3.0,3.0,0,0,0,3,17.034386382832476,-0.7631803805274878,-0.4038879055744211
4.0,2.0,0,1,0,3,17.822843743196746,-0.2540592419264769,-0.1387965357016651
5.0,4.0,0,0,0,5,17.7473361906886,-0.2540592419264769,-0.18297843068045777
5.0,5.0,0,1,0,4,18.819456863909732,0.976891286605948,0.12629483417109086
5.0,2.0,1,1,0,1,17.576710673657836,0.2383209694864931,-0.22716032565925046
3.0,1.0,0,0,1,2,16.64872390202049,-0.7464394533394468,-0.4038879055744211
4.0,4.0,1,1,1,3,17.356469882001587,-0.45101132649166487,-0.49225169553200643
4.0,4.0,1,0,0,3,17.565014633894645,0.06352599443488875,-0.44806980055321377
5.0,3.0,0,0,0,3,17.86729550576758,-0.007869136219991892,0.8332051538317735
3.0,2.0,0,0,1,1,16.835935444108635,-0.8449154956220408,-0.4789971270383686
3.0,2.0,0,0,0,3,17.073607095985757,-0.8941535167633379,-0.22716032565925046
4.0,3.0,1,0,0,2,17.281246460764002,-0.5002493476329618,-0.5806154854895917
3.0,3.0,1,1,0,2,17.50439001207821,-0.37715429477971935,-0.47457893754048935
4.0,3.0,0,1,0,4,17.795192211866237,-0.37715429477971935,-0.47457893754048935
8.0,5.0,0,0,0,6,18.792244300384848,2.207841815138373,0.05560380220502254
3.0,1.0,0,0,1,1,16.556350581889475,-0.7464394533394468,0.6564775739166029
3.0,2.0,0,0,0,3,17.09265529095645,-0.8769202093638838,-0.5806154854895917
3.0,2.0,0,0,0,2,16.99356438831222,-0.8695345061926893,-0.5187608325192821
3.0,2.0,0,0,0,2,16.785925023533974,-0.808479359977481,-0.5055062640256442
4.0,2.0,0,0,0,3,16.90655301132259,-0.5987253899155558,-0.49225169553200643
3.0,3.0,0,0,0,2,17.19990082131005,-0.03248814679064039,-0.49225169553200643
5.0,5.0,0,0,0,4,17.98989782785991,-0.09649757427432648,-0.22716032565925046
4.0,4.0,1,0,0,3,17.4264284706085,-0.0009758132602103115,-0.5364335905107991
6.0,3.0,0,0,0,4,18.683045008419857,-0.0290414853107496,4.367756752135186
3.0,3.0,1,1,0,2,17.37085861945369,-0.40177330535036787,-0.5143426430214028
4.0,4.0,0,1,1,4,18.09217667698033,0.4352730540516811,-0.22716032565925046
5.0,4.0,0,0,0,5,18.19126757962456,0.730701180899463,-0.006250850765287128
3.0,1.0,0,0,0,3,16.99356438831222,-0.8941535167633379,-0.5028553503269166
3.0,2.0,0,1,0,2,17.09265529095645,-0.7956774744807439,-0.49225169553200643
4.0,3.0,0,1,0,2,17.327055996795295,-0.2540592419264769,-0.44806980055321377
4.0,4.0,1,1,0,3,17.466168799258014,-0.20482122078517986,-0.44806980055321377
3.0,3.0,1,1,0,3,17.47907220409392,-0.3032972630677739,0.17047672914988352
3.0,3.0,1,1,1,2,16.90655301132259,-0.8941535167633379,-0.5806154854895917
3.0,2.0,0,0,0,2,17.111347423968603,-0.6248215411204433,-0.22716032565925046
4.0,4.0,0,0,0,2,17.576710673657836,-0.007869136219991892,-0.5806154854895917
4.0,4.0,1,1,0,3,17.676240269004868,-0.007869136219991892,-0.3155241156168358
5.0,4.0,0,0,0,4,19.519293032620475,2.700222026551343,2.4944444050343773
5.0,3.0,0,0,0,2,17.26549810379586,-0.48252366002209496,-0.5806154854895917
6.0,5.0,0,1,0,6,19.008467408854486,0.976891286605948,0.32688063737480955
6.0,4.0,0,0,1,3,17.24949776244942,-0.15558319964388287,0.6564775739166029
3.0,2.0,1,1,1,2,16.951004773893423,-0.5987253899155558,-0.5806154854895917
5.0,5.0,0,0,0,5,19.33697147582652,0.4845110751929781,1.8935706333227973
3.0,2.0,0,0,0,3,17.576710673657836,-0.7464394533394468,-0.4038879055744211
3.0,3.0,0,0,1,3,17.09265529095645,-0.7021252343122796,-0.18297843068045777
4.0,3.0,0,0,1,4,16.811242831518264,-0.5002493476329618,-0.22716032565925046
4.0,4.0,0,1,0,5,19.231610960168695,0.4845110751929781,0.25884051910746886
3.0,2.0,1,0,0,1,16.61887093887081,-0.007869136219991892,-0.22716032565925046
4.0,3.0,0,1,1,3,17.49181122987135,-0.10634517850258589,-0.1387965357016651
4.0,3.0,0,1,0,3,17.565014633894645,-0.27867825249712536,-0.44806980055321377
5.0,4.0,0,1,0,4,19.855765269241687,1.026129307747245,2.1586620031955532
4.0,3.0,1,0,1,4,18.05683731053502,0.3367970117690871,-0.49225169553200643
3.0,1.0,0,0,0,3,16.99356438831222,-0.9276353711394197,-0.5028553503269166
5.0,5.0,1,0,0,3,18.05683731053502,0.47761775223319647,0.6564775739166029
2.0,1.0,0,1,0,2,16.951004773893423,-1.1339426797214542,-0.5408517800086784
4.0,3.0,1,1,0,3,17.49181122987135,-0.15558319964388287,-0.18297843068045777
10.0,4.0,0,1,0,1,17.717483227538917,1.715461603725403,0.6564775739166029
4.0,3.0,0,0,0,3,17.37085861945369,-0.3421952997693985,-0.49225169553200643
4.0,4.0,0,1,0,6,19.209138104316636,0.976891286605948,0.6564775739166029
3.0,2.0,1,1,1,3,17.111347423968603,-0.8769202093638838,-0.5806154854895917
4.0,4.0,1,1,0,3,17.676240269004868,-0.18020221021453137,-0.3155241156168358
3.0,4.0,0,0,0,4,17.576710673657836,-0.15558319964388287,-0.22716032565925046
5.0,5.0,0,1,0,4,18.819456863909732,0.976891286605948,0.12629483417109086
4.0,3.0,0,0,0,2,17.49181122987135,0.0906069060626021,-0.4038879055744211
4.0,4.0,0,0,0,2,18.024670794614956,-0.29689632031940527,-0.4127242845701796
3.0,2.0,0,0,0,2,17.073607095985757,-0.7464394533394468,-0.006250850765287128
3.0,3.0,0,1,0,5,18.064005800013632,-0.5002493476329618,-0.47457893754048935
5.0,4.0,0,0,0,5,18.197537192638155,-0.007869136219991892,0.39138620404384683
5.0,4.0,0,0,0,3,17.37085861945369,-0.1550908194324699,-0.49225169553200643
5.0,3.0,0,0,0,2,17.26549810379586,-0.48892460277046357,-0.5806154854895917
5.0,4.0,0,0,0,4,17.98989782785991,0.1152259166332506,-0.08577826172711396
3.0,2.0,0,0,1,2,17.1296965626368,-0.8941535167633379,-0.7573430654047624
4.0,2.0,0,0,0,6,18.82614585206053,0.4845110751929781,0.2146586241286762
4.0,3.0,0,0,0,5,18.258161814454592,0.2875589906277901,0.3030224140862615
4.0,4.0,0,0,1,5,18.064005800013632,0.3860350329103841,0.5548592154653799
2.0,1.0,0,0,0,2,16.213405830762646,-0.8941535167633379,-0.5806154854895917
4.0,3.0,0,1,0,4,17.47907220409392,0.0906069060626021,-0.5629427274980747
5.0,4.0,0,0,0,4,18.60300230074632,1.863175667149294,0.17047672914988352
3.0,2.0,0,0,0,1,17.47907220409392,-0.7464394533394468,-0.4038879055744211
4.0,3.0,0,0,0,3,17.599700191882537,-0.10634517850258589,-0.22716032565925046
3.0,3.0,0,0,0,3,17.281246460764002,-0.2540592419264769,-0.3155241156168358
4.0,3.0,0,1,0,4,18.05683731053502,0.0906069060626021,-0.49225169553200643
4.0,4.0,0,0,0,3,18.132998671500584,0.7799392020407601,-0.05043274574407979
3.0,2.0,0,0,0,2,17.182806387950748,-0.7464394533394468,-0.4038879055744211
3.0,2.0,0,0,0,2,16.61887093887081,-0.7464394533394468,-0.22716032565925046
4.0,3.0,0,0,0,3,17.565014633894645,-0.27867825249712536,-0.44806980055321377
2.0,1.0,0,0,0,1,14.22097566607244,-0.8148803027258497,1.540115473492456
3.0,2.0,0,0,0,2,17.1296965626368,-0.3525352842090709,-0.2713422206380431
5.0,5.0,0,1,0,4,18.819456863909732,0.976891286605948,0.12629483417109086
2.0,2.0,0,0,0,5,17.281246460764002,-0.9926295590459319,-0.4038879055744211
4.0,3.0,0,0,0,4,17.182806387950748,-0.20482122078517986,-0.18297843068045777
5.0,2.0,1,1,0,1,17.576710673657836,0.2383209694864931,-0.22716032565925046
3.0,3.0,0,0,0,6,17.45309671769066,-0.7464394533394468,-0.8457068553623477
4.0,3.0,0,0,1,5,17.7667542765457,-0.2737544503829957,-0.6203791909705052
6.0,2.0,0,0,0,3,17.429127527577663,-0.10634517850258589,0.7121467615898815
5.0,4.0,0,1,0,4,17.822843743196746,0.2383209694864931,-0.22716032565925046
3.0,4.0,0,0,0,6,19.275096072108433,0.730701180899463,-0.4569061795489723
3.0,2.0,0,0,0,5,18.142949002353753,-0.007869136219991892,1.120387471193926
5.0,4.0,0,1,0,6,19.33697147582652,0.4845110751929781,0.020258286221988532
2.0,2.0,0,1,0,6,18.858935674883522,2.207841815138373,0.05560380220502254
4.0,4.0,0,1,0,2,17.553180176247643,-0.10634517850258589,-0.05043274574407979
3.0,2.0,0,1,0,2,16.860032995687696,-0.9000620793002935,-0.5187608325192821
5.0,4.0,0,0,0,3,17.622173047734595,0.2432447716006228,0.2146586241286762
3.0,2.0,1,1,1,3,17.16541464523888,-0.8769202093638838,-0.5806154854895917
4.0,4.0,0,0,0,2,17.576710673657836,-0.007869136219991892,-0.5806154854895917
5.0,5.0,0,0,0,5,19.41393251696265,2.946412132257828,1.540115473492456
6.0,4.0,0,0,0,4,19.583831553758046,2.355555878562264,3.1306636927289917
6.0,6.0,0,0,0,5,18.420680743952367,1.961651709431888,1.540115473492456
3.0,3.0,0,0,0,1,16.454567887579532,-0.7464394533394468,-0.8457068553623477
3.0,2.0,1,1,1,2,16.785925023533974,-0.8941535167633379,-0.49225169553200643
3.0,2.0,0,0,0,2,16.90655301132259,-0.8124184016687848,-0.3906333370807833
5.0,4.0,0,0,0,6,18.60300230074632,-0.007869136219991892,1.7168430534076267
3.0,2.0,1,1,0,3,17.466168799258014,-0.2540592419264769,-0.4038879055744211
5.0,5.0,0,1,0,3,18.184958410431296,1.616985561442809,-0.5806154854895917
2.0,2.0,0,1,0,3,16.811242831518264,-0.7464394533394468,-0.44806980055321377
4.0,2.0,0,0,0,3,17.47907220409392,0.730701180899463,0.22349500312443468
4.0,4.0,0,0,0,5,18.258161814454592,0.632225138616869,-0.22716032565925046
5.0,4.0,0,1,0,4,18.369387449564815,0.927653265464651,-0.4038879055744211
6.0,4.0,0,1,0,5,18.410630408098864,0.1890829483451961,-0.05043274574407979
4.0,3.0,0,0,0,5,17.893048001869992,-0.007869136219991892,-0.22716032565925046
5.0,6.0,1,1,0,5,18.497641785088494,1.469271498018918,-0.1387965357016651
4.0,3.0,0,1,0,5,18.19126757962456,-0.007869136219991892,-0.08577826172711396
3.0,3.0,0,1,0,3,17.356469882001587,-0.45101132649166487,-0.49225169553200643
5.0,3.0,0,0,0,4,18.197537192638155,-0.3525352842090709,-0.35970601059562846
6.0,5.0,0,1,0,3,17.576710673657836,0.533749096334275,-0.49225169553200643
4.0,4.0,0,0,0,1,17.24949776244942,-0.40177330535036787,-0.20948756766773344
4.0,4.0,1,1,0,4,17.686711568872166,-0.20482122078517986,-0.3155241156168358
3.0,1.0,0,0,0,4,18.647019186163096,-0.3525352842090709,0.9038961857978418
4.0,3.0,0,1,0,5,17.341871082580436,-0.40177330535036787,-0.6778156544429356
4.0,4.0,1,1,0,3,17.717483227538917,0.2383209694864931,-0.5806154854895917
9.0,8.0,1,1,0,5,19.11382792451231,2.946412132257828,0.6564775739166029
2.0,1.0,1,0,0,3,16.523560759066484,-1.3274481028067513,-0.8898887503411405
3.0,4.0,0,1,1,6,19.275096072108433,0.730701180899463,-0.4038879055744211
4.0,3.0,0,1,0,4,18.05683731053502,0.0906069060626021,-0.49225169553200643
4.0,5.0,0,0,0,5,18.390221536467656,0.3860350329103841,-0.22716032565925046
5.0,3.0,0,0,1,3,17.893048001869992,-0.08172616793193739,-0.2713422206380431
5.0,4.0,0,0,0,3,17.45309671769066,-0.5785378012476241,-0.49225169553200643
4.0,2.0,0,0,0,3,17.281246460764002,-0.007869136219991892,-0.05043274574407979
3.0,2.0,0,0,0,1,16.52022185780097,0.2383209694864931,0.12629483417109086
5.0,2.0,0,1,1,6,16.951004773893423,-0.057107157361288886,0.2146586241286762
3.0,2.0,1,1,0,3,16.929025867174648,-0.7218204427687983,-0.2890149786295601
6.0,2.0,0,0,0,1,17.23323724157764,-0.7464394533394468,0.3030224140862615
4.0,2.0,0,0,0,3,17.19990082131005,-0.17035460598627197,-0.22716032565925046
4.0,2.0,0,0,0,4,17.7073308560749,0.1398449272038991,-0.1387965357016651
4.0,3.0,1,1,0,3,17.576710673657836,-0.3525352842090709,-0.44806980055321377
5.0,4.0,0,0,0,3,17.37085861945369,-0.3032972630677739,-0.22716032565925046
4.0,4.0,0,0,0,3,17.822843743196746,0.2383209694864931,-0.22716032565925046
4.0,3.0,1,1,0,5,17.840862248699423,0.09946974986803556,-0.5806154854895917
4.0,2.0,0,0,1,2,17.182806387950748,-0.007869136219991892,-0.44806980055321377
5.0,4.0,0,0,0,3,18.049617062561534,0.4845110751929781,0.6564775739166029
3.0,2.0,0,1,0,2,16.759949537130716,-0.8055250787090033,-0.1387965357016651
5.0,3.0,0,0,0,6,18.951308995014536,-0.03248814679064039,0.6564775739166029
4.0,4.0,1,1,0,4,17.686711568872166,-0.20482122078517986,-0.3155241156168358
5.0,6.0,0,0,0,5,18.258161814454592,1.173843371171136,-0.22716032565925046
3.0,3.0,1,1,0,3,17.47907220409392,-0.3032972630677739,0.17047672914988352
4.0,3.0,0,1,1,2,17.19990082131005,-0.6804605050101089,-0.5806154854895917
4.0,3.0,0,0,0,2,17.45309671769066,-0.22944023135582836,-0.35970601059562846
5.0,3.0,0,0,0,5,17.875953568510692,-0.15558319964388287,0.7006594688953955
4.0,3.0,0,0,0,4,17.909855120186375,0.3367970117690871,0.2765132770989859
3.0,3.0,0,0,0,4,17.665658159674333,-0.24913543981234718,-0.3155241156168358
4.0,3.0,0,0,0,5,17.840862248699423,0.0413688849213051,-0.5806154854895917
4.0,3.0,0,1,0,5,18.03501826314038,-0.007869136219991892,-0.06192003843856595
3.0,2.0,0,0,0,1,16.883563493097892,-0.5869082648416446,-0.35970601059562846
2.0,1.0,0,1,0,2,16.972510979114386,-1.1157246118991744,-0.5364335905107991
4.0,4.0,0,1,0,5,18.29284737244248,0.7385792642820705,-0.24483308365076745
4.0,4.0,1,1,0,2,18.19126757962456,0.2383209694864931,0.3030224140862615
5.0,3.0,0,1,0,4,17.686711568872166,0.1890829483451961,-0.15646929369318213
3.0,2.0,0,0,0,2,16.785925023533974,-0.22944023135582836,-0.35970601059562846
4.0,3.0,0,0,0,1,16.489659207390805,-0.7464394533394468,-0.6689792754471771
3.0,2.0,1,0,0,2,16.883563493097892,-0.8449154956220408,-0.49225169553200643
6.0,3.0,0,0,0,4,17.909855120186375,0.4086845226353807,0.7006594688953955
4.0,3.0,0,0,1,6,18.410630408098864,0.3614160223397356,-0.22716032565925046
5.0,3.0,0,1,0,5,18.560442686327523,0.3367970117690871,0.4797499940014322
4.0,3.0,0,1,0,3,17.19990082131005,-0.2895106171482107,-0.49225169553200643
4.0,4.0,1,1,0,4,17.822843743196746,0.2383209694864931,-0.49225169553200643
4.0,2.0,0,0,0,5,17.80449460452855,-0.007869136219991892,0.4797499940014322
4.0,4.0,0,1,0,4,18.03501826314038,-0.20482122078517986,-0.42597885306381744
6.0,2.0,0,0,0,2,17.599700191882537,-0.5987253899155558,-0.5806154854895917
4.0,2.0,0,0,0,3,17.399029496420383,-0.006391995585752981,-0.5187608325192821
3.0,2.0,0,0,0,1,17.054189010128656,-0.5002493476329618,0.2058222451329177
3.0,2.0,0,1,0,1,16.883563493097892,-0.2540592419264769,-0.35970601059562846
5.0,3.0,1,1,0,2,17.26549810379586,-0.2540592419264769,-0.5806154854895917
3.0,2.0,0,0,0,2,16.897420527759316,-0.8606716623872559,-0.5806154854895917
5.0,6.0,0,1,0,4,18.683045008419857,0.4845110751929781,0.6564775739166029
3.0,3.0,0,0,1,3,17.111347423968603,-0.3525352842090709,-0.5364335905107991
4.0,3.0,0,1,0,3,17.216707939626428,-0.3234848517357056,-0.5099244535235236
4.0,3.0,0,0,0,4,17.782021748676488,-0.10634517850258589,0.3472043090650542
4.0,3.0,0,0,0,6,18.258161814454592,0.2875589906277901,0.3030224140862615
7.0,6.0,0,1,0,5,19.806975105072254,3.438792343670798,4.986303281838284
5.0,5.0,0,1,0,4,18.819456863909732,0.976891286605948,0.12629483417109086
6.0,4.0,0,0,0,4,17.909855120186375,0.4086845226353807,0.9657508387681515
4.0,3.0,0,1,0,2,17.822843743196746,0.4845110751929781,-0.08577826172711396
6.0,5.0,0,0,0,2,17.958645284355807,0.3614160223397356,-0.5806154854895917
5.0,4.0,0,1,0,4,18.132998671500584,0.3860350329103841,-0.5629427274980747
4.0,5.0,0,1,0,3,17.717483227538917,0.1398449272038991,-0.2801785996338016
5.0,4.0,0,0,0,3,18.02020317735524,-0.15558319964388287,0.0732765601965397
4.0,4.0,0,0,0,5,18.132998671500584,0.730701180899463,0.12629483417109086
4.0,3.0,0,0,1,6,17.576710673657836,-0.27867825249712536,-0.5364335905107991
5.0,4.0,0,0,0,3,17.576710673657836,-0.2737544503829957,-0.5452699695065576
4.0,3.0,0,0,1,3,17.822843743196746,0.1053783124049912,0.2146586241286762
4.0,3.0,0,1,0,5,18.720785336402702,-0.007869136219991892,3.32506403063568
4.0,3.0,0,0,0,4,17.95067711470663,-0.1654308038721423,1.7168430534076267
5.0,3.0,0,1,0,2,17.622173047734595,0.002470848219680478,0.03793104421350554
4.0,4.0,1,1,0,3,17.599700191882537,-0.10634517850258589,-0.22716032565925046
5.0,4.0,0,0,0,4,18.132998671500584,0.2383209694864931,0.6564775739166029
3.0,2.0,0,0,0,3,17.622173047734595,-0.2540592419264769,1.0099327337469441
4.0,4.0,0,0,0,5,18.042344303232454,-0.007869136219991892,-0.5452699695065576
5.0,3.0,0,0,0,2,18.410630408098864,-0.37715429477971935,0.6564775739166029
4.0,3.0,0,0,0,5,17.216707939626428,-0.7464394533394468,-0.4038879055744211
4.0,3.0,0,0,0,3,17.37085861945369,0.5583681069049236,-0.35970601059562846
5.0,4.0,0,1,0,5,18.48833939242618,0.1398449272038991,0.3472043090650542
3.0,2.0,0,0,0,2,16.588099280204055,-0.6972014321981498,0.39138620404384683
5.0,5.0,0,1,0,6,19.209138104316636,0.976891286605948,0.6564775739166029
3.0,2.0,0,0,1,3,16.860032995687696,-0.8941535167633379,0.7448413638741882
3.0,2.0,0,0,0,3,18.049617062561534,-0.007869136219991892,-0.49225169553200643
2.0,1.0,0,0,0,2,16.61887093887081,-1.1895816436111197,-0.5364335905107991
5.0,4.0,0,0,0,4,19.519293032620475,2.700222026551343,2.4944444050343773
2.0,2.0,0,0,0,5,17.073607095985757,-0.3525352842090709,-0.4215606635659382
3.0,3.0,0,0,1,4,17.822843743196746,-0.007869136219991892,-0.006250850765287128
4.0,3.0,1,0,0,5,17.840862248699423,-0.08172616793193739,-0.5806154854895917
4.0,3.0,0,1,0,2,18.119575651168443,0.4845110751929781,13.380863327808889
3.0,2.0,0,0,0,5,17.576710673657836,-0.10634517850258589,0.5681137839590175
5.0,2.0,0,0,0,3,17.341871082580436,-0.007869136219991892,-0.2713422206380431
3.0,3.0,1,1,1,2,17.034386382832476,-0.8498392977361705,-0.49225169553200643
3.0,3.0,1,1,0,2,17.37085861945369,-0.8449154956220408,-0.5099244535235236
4.0,4.0,1,0,0,2,17.576710673657836,0.05367839020662935,-0.5806154854895917
4.0,3.0,0,0,0,4,17.676240269004868,-0.2540592419264769,-0.18297843068045777
6.0,4.0,0,0,0,6,18.420680743952367,-0.007869136219991892,-0.22716032565925046
4.0,3.0,0,0,0,2,17.822843743196746,0.2383209694864931,-0.44806980055321377
7.0,5.0,0,1,0,3,19.11382792451231,0.4845110751929781,1.805206843365212
5.0,4.0,0,0,0,5,18.48833939242618,0.1398449272038991,0.3472043090650542
5.0,5.0,0,1,0,6,19.06253463012476,3.438792343670798,0.39138620404384683
7.0,6.0,0,0,0,5,19.344939645475698,0.976891286605948,2.070298213237968
3.0,3.0,0,1,0,2,17.347736202032834,-0.507580888980901,-0.5806154854895917
3.0,2.0,1,1,1,3,17.111347423968603,-0.8769202093638838,-0.5806154854895917
6.0,3.0,0,0,0,1,17.14771506813948,0.4845110751929781,-0.22716032565925046
4.0,3.0,1,1,0,3,17.776323727561852,-0.13096418907323437,-0.22716032565925046
3.0,2.0,1,1,0,3,17.49181122987135,-0.5002493476329618,0.17047672914988352
4.0,3.0,0,1,0,2,17.296750647299966,-0.10634517850258589,-0.09461464072287246
4.0,2.0,0,0,0,4,17.622173047734595,-0.007869136219991892,-0.22716032565925046
4.0,4.0,1,1,0,3,17.676240269004868,0.09848498944520961,-0.3155241156168358
4.0,4.0,0,0,0,6,19.33697147582652,0.4845110751929781,0.8332051538317735
5.0,4.0,0,1,0,4,17.717483227538917,0.2383209694864931,-0.22716032565925046
6.0,5.0,0,0,0,5,18.75715298057358,0.5829871174755721,1.0099327337469441
5.0,5.0,0,1,0,3,18.132998671500584,0.2383209694864931,-0.22716032565925046
3.0,3.0,0,0,0,3,17.45309671769066,-0.5002493476329618,-0.6424701384599015
3.0,3.0,1,0,0,2,16.951004773893423,-0.8498392977361705,-0.49225169553200643
5.0,7.0,0,1,0,6,19.33697147582652,3.438792343670798,0.39138620404384683
6.0,4.0,0,1,0,6,20.024100584060903,0.4845110751929781,0.9657508387681515
3.0,2.0,0,0,0,3,16.929025867174648,-0.7208356823459724,-0.44806980055321377
5.0,5.0,0,1,0,6,19.209138104316636,0.976891286605948,0.6564775739166029
5.0,4.0,0,1,0,4,17.717483227538917,0.4845110751929781,-0.22716032565925046
4.0,4.0,0,1,0,4,18.05683731053502,0.0906069060626021,-0.49225169553200643
4.0,4.0,1,0,0,2,17.576710673657836,-0.007869136219991892,-0.5806154854895917
3.0,2.0,0,0,0,1,16.749367427800177,-0.8695345061926893,-0.35970601059562846
5.0,3.0,0,0,1,6,18.29284737244248,-0.007869136219991892,-0.3155241156168358
3.0,3.0,1,1,0,3,17.50439001207821,-0.37715429477971935,-0.47457893754048935
2.0,1.0,0,0,0,1,16.166885815127753,-0.45101132649166487,-0.49225169553200643
5.0,3.0,0,1,0,4,17.686711568872166,0.1890829483451961,-0.15646929369318213
4.0,4.0,0,1,0,1,17.565014633894645,0.8370553065646645,-0.05043274574407979
4.0,4.0,1,1,0,2,17.49181122987135,0.0906069060626021,-0.5806154854895917
4.0,4.0,1,1,0,4,17.686711568872166,-0.20482122078517986,-0.3155241156168358
8.0,4.0,0,0,0,1,17.72753356339242,0.4845110751929781,-0.18297843068045777
4.0,3.0,0,1,0,2,17.356469882001587,-0.3525352842090709,-0.6689792754471771
4.0,3.0,0,0,0,3,17.599700191882537,-0.10634517850258589,-0.22716032565925046
5.0,5.0,0,1,0,6,19.209138104316636,0.976891286605948,0.6564775739166029
4.0,4.0,0,1,0,5,18.28141867661886,0.7385792642820705,-0.24483308365076745
5.0,4.0,0,1,0,6,19.008467408854486,0.878415244323354,0.10420388668169453
2.0,2.0,0,0,0,2,17.182806387950748,-0.7464394533394468,-0.49225169553200643
6.0,6.0,0,1,0,4,19.92475814072864,2.4540319208448578,0.4797499940014322
3.0,2.0,0,0,0,2,17.50439001207821,-0.5248683582036103,-0.5408517800086784
3.0,3.0,0,0,0,2,17.182806387950748,-0.18512601232866108,-0.44806980055321377
5.0,3.0,0,0,0,5,18.09217667698033,0.2383209694864931,0.7448413638741882
5.0,4.0,1,1,0,4,18.884414760184505,0.878415244323354,1.4959335785136634
2.0,1.0,0,0,0,2,16.972510979114386,-0.9177877669111604,-0.5364335905107991
9.0,8.0,0,1,0,4,19.583831553758046,2.946412132257828,1.540115473492456
5.0,5.0,0,0,0,6,18.720785336402702,0.976891286605948,0.4620772360099152
4.0,4.0,0,0,0,3,17.399029496420383,-0.3525352842090709,-0.22716032565925046
3.0,2.0,0,0,1,2,17.111347423968603,-0.6972014321981498,0.5239318889802248
3.0,2.0,0,0,0,1,16.61887093887081,-1.0172485696165803,-0.9782525402987258
4.0,3.0,0,0,0,4,17.676240269004868,-0.5002493476329618,0.2146586241286762
5.0,4.0,0,1,0,6,19.450300161133523,0.4845110751929781,0.020258286221988532
5.0,3.0,0,0,1,5,17.26549810379586,0.1890829483451961,-0.05043274574407979
4.0,3.0,0,0,0,5,17.785802471516394,-0.27867825249712536,-0.35970601059562846
3.0,2.0,0,0,0,3,16.733281290048552,-0.9266506107165938,-0.2713422206380431
5.0,3.0,0,0,0,5,16.951004773893423,-0.8941535167633379,-0.7573430654047624
4.0,3.0,1,0,0,5,17.840862248699423,-0.007869136219991892,-0.5806154854895917
4.0,4.0,0,0,0,3,17.47907220409392,-0.17035460598627197,-0.5629427274980747
3.0,1.0,0,0,0,1,16.364955728889846,-0.9433915379046348,-0.49225169553200643
5.0,4.0,0,0,0,5,17.751250090009737,-0.18020221021453137,0.3030224140862615
4.0,3.0,0,0,1,6,17.576710673657836,-0.27867825249712536,-0.5364335905107991
4.0,4.0,1,0,0,3,17.95067711470663,0.4224711685549439,-0.4038879055744211
5.0,3.0,0,0,0,4,17.686711568872166,-0.007869136219991892,1.120387471193926
4.0,4.0,1,1,0,3,17.466168799258014,-0.20482122078517986,-0.44806980055321377
8.0,4.0,0,1,0,5,19.963978853881923,0.4845110751929781,9.22776519980238
3.0,1.0,0,0,0,5,17.7073308560749,-0.45101132649166487,0.10862207617957387
3.0,2.0,1,0,0,1,17.565014633894645,-0.10634517850258589,-0.059269124739838294
3.0,3.0,1,1,0,3,17.466168799258014,-0.20482122078517986,-0.44806980055321377
5.0,5.0,0,1,0,4,18.792244300384848,0.29592945422181055,0.6564775739166029
2.0,2.0,0,0,0,1,16.556350581889475,-0.8449154956220408,-0.5806154854895917
4.0,4.0,0,1,0,3,18.342719202482655,0.2383209694864931,-0.1741420516846993
7.0,4.0,0,1,0,6,18.819456863909732,0.976891286605948,0.39138620404384683
5.0,4.0,0,1,0,5,18.48833939242618,0.1398449272038991,0.3472043090650542
5.0,3.0,0,0,0,2,17.43985149094064,-0.5780454210362111,0.37371344605232987
4.0,3.0,0,0,0,5,18.19126757962456,-0.15558319964388287,-0.05043274574407979
4.0,3.0,0,0,0,2,17.356469882001587,-0.27867825249712536,-0.5806154854895917
3.0,3.0,0,1,0,4,18.02763815584276,-0.5002493476329618,-0.4038879055744211
3.0,3.0,0,0,0,4,18.05683731053502,-0.2456887783324564,-0.05043274574407979
4.0,3.0,0,1,0,6,18.29284737244248,0.7385792642820705,-0.24483308365076745
5.0,2.0,0,0,0,2,17.37085861945369,-0.2540592419264769,0.4797499940014322
4.0,4.0,0,0,0,5,17.98989782785991,0.3860350329103841,0.5548592154653799
5.0,3.0,0,0,0,5,18.184958410431296,0.2383209694864931,0.4797499940014322
6.0,4.0,0,1,0,3,18.28141867661886,2.4540319208448578,-0.1873966201783371
4.0,4.0,0,0,0,3,17.47907220409392,0.0955307081767318,-0.44806980055321377
5.0,5.0,0,1,1,6,19.06253463012476,1.173843371171136,0.39138620404384683
5.0,3.0,0,0,0,4,17.893048001869992,-0.10634517850258589,-0.18297843068045777
8.0,3.0,0,0,0,5,17.466168799258014,-0.27867825249712536,0.020258286221988532
3.0,3.0,1,1,1,2,16.883563493097892,-0.8941535167633379,-0.5364335905107991
4.0,4.0,0,0,0,5,17.822843743196746,0.4845110751929781,-0.22716032565925046
7.0,6.0,0,0,0,5,18.59042351853946,1.715461603725403,-0.05043274574407979
4.0,3.0,0,0,0,1,16.61887093887081,-0.2540592419264769,-0.1387965357016651
4.0,3.0,0,0,0,3,17.599700191882537,-0.10634517850258589,-0.22716032565925046
4.0,4.0,0,1,0,3,17.599700191882537,-0.10634517850258589,-0.22716032565925046
4.0,2.0,0,1,0,5,18.304146927696415,0.2383209694864931,0.39138620404384683
4.0,3.0,0,0,0,3,16.951004773893423,-0.10634517850258589,-0.49225169553200643
5.0,4.0,0,0,0,3,18.049617062561534,0.4845110751929781,0.6564775739166029
3.0,3.0,0,0,1,2,17.034386382832476,-0.7464394533394468,-0.8103613393793135
4.0,2.0,0,1,0,2,17.341871082580436,-0.2540592419264769,-0.3155241156168358
3.0,2.0,0,0,0,5,17.72753356339242,-0.7464394533394468,-0.44806980055321377
4.0,4.0,0,0,0,4,17.95067711470663,0.5829871174755721,-0.4038879055744211
2.0,2.0,0,0,0,2,17.49686174565742,-0.2964039401079923,0.059138353803326035
4.0,2.0,0,0,0,4,17.98989782785991,-0.09649757427432648,-0.22716032565925046
3.0,2.0,0,0,0,3,16.64872390202049,-0.9128639647970307,-0.3066877366210773
5.0,5.0,1,0,1,2,17.281246460764002,-0.5002493476329618,-1.1107982252351036
5.0,3.0,0,0,0,2,17.37085861945369,-0.37715429477971935,-0.7573430654047624
6.0,4.0,0,0,1,1,16.64872390202049,-0.5002493476329618,-0.7131611704259697
4.0,3.0,0,0,0,3,17.565014633894645,0.1890829483451961,-0.49225169553200643
3.0,3.0,0,1,0,2,16.99356438831222,-0.45101132649166487,-0.49225169553200643
5.0,4.0,0,0,0,5,18.12630968334979,1.223081392312433,-0.09461464072287246
6.0,3.0,0,0,0,4,17.565014633894645,-0.11126898061671558,0.2146586241286762
4.0,4.0,0,1,0,5,18.049617062561534,0.3860350329103841,-0.22716032565925046
4.0,3.0,0,1,0,4,19.11382792451231,-0.3190534298329889,0.17047672914988352
5.0,5.0,0,1,0,6,19.209138104316636,0.976891286605948,0.6564775739166029
3.0,2.0,0,0,1,3,16.733281290048552,-0.7159118802318427,0.2146586241286762
6.0,5.0,0,0,0,4,17.909855120186375,0.2383209694864931,-0.5143426430214028
3.0,2.0,0,1,0,2,17.073607095985757,-0.7956774744807439,-0.22716032565925046
3.0,2.0,1,1,1,3,17.111347423968603,-0.8769202093638838,-0.5806154854895917
4.0,2.0,0,1,0,5,18.304146927696415,0.2383209694864931,0.39138620404384683
5.0,3.0,1,0,0,2,17.296750647299966,-0.03248814679064039,-0.44806980055321377
5.0,3.0,0,0,1,2,17.281246460764002,-0.8202964850513923,-0.7043247914302112
3.0,2.0,0,0,0,3,16.90655301132259,-0.7612108596818359,-0.4038879055744211
5.0,3.0,0,0,0,2,17.43985149094064,-0.5770606606133851,0.37371344605232987
4.0,6.0,0,0,0,4,17.717483227538917,0.2383209694864931,-0.49225169553200643
3.0,1.0,0,0,0,2,17.09265529095645,0.730701180899463,0.12629483417109086
4.0,3.0,0,0,1,4,17.875953568510692,-0.007869136219991892,0.03793104421350554
5.0,3.0,0,0,0,2,17.43985149094064,-0.5741063793449074,0.39138620404384683
4.0,4.0,0,0,0,3,17.565014633894645,-0.09354329300584867,-0.44806980055321377
4.0,3.0,0,0,0,4,18.31532022829454,0.7799392020407601,0.2765132770989859
4.0,5.0,0,0,0,5,18.37985874943211,0.322025605426698,-0.22716032565925046
5.0,3.0,0,1,0,2,17.399029496420383,0.0906069060626021,-0.18297843068045777
4.0,4.0,0,0,0,2,17.676240269004868,-0.20482122078517986,-0.5806154854895917
4.0,3.0,0,0,0,1,17.599700191882537,-0.36730669055146,0.2058222451329177
6.0,5.0,0,0,0,5,18.369387449564815,0.4845110751929781,-0.4038879055744211
6.0,5.0,0,0,0,3,17.822843743196746,20.96752786997253,0.12629483417109086
5.0,3.0,0,0,0,3,17.43985149094064,-0.40177330535036787,0.37371344605232987
5.0,5.0,0,1,0,4,18.02763815584276,-0.5002493476329618,-0.4038879055744211
4.0,4.0,0,1,0,5,18.28141867661886,0.3466446159973465,-0.21832394666349195
4.0,4.0,1,1,0,3,17.466168799258014,-0.20482122078517986,-0.44806980055321377
3.0,2.0,0,0,0,5,18.792244300384848,-0.5007417278443749,-0.3817969580850248
3.0,2.0,0,0,1,6,17.37085861945369,-0.7464394533394468,-0.49225169553200643
4.0,4.0,1,1,0,3,17.599700191882537,-0.10634517850258589,-0.22716032565925046
4.0,4.0,0,1,0,6,19.519293032620475,0.2383209694864931,0.33836793006929555
4.0,5.0,0,0,0,3,17.717483227538917,-0.007869136219991892,-0.5806154854895917
4.0,3.0,0,1,0,3,17.717483227538917,0.2383209694864931,-0.49225169553200643
5.0,3.0,0,1,0,3,17.43985149094064,0.6913107639864254,0.7890232588529809
4.0,3.0,1,1,0,3,17.676240269004868,0.2383209694864931,-0.4834153165362479
3.0,6.0,0,0,0,5,17.034386382832476,-0.007869136219991892,-0.8457068553623477
5.0,4.0,0,0,1,5,17.926384422137584,0.4845110751929781,-0.02834179825468346
4.0,5.0,0,1,0,4,18.369387449564815,-0.11520802230801934,-0.49225169553200643
5.0,3.0,0,1,0,5,18.643824295266576,0.730701180899463,0.4797499940014322
4.0,4.0,1,1,1,3,17.576710673657836,-0.057107157361288886,-0.5806154854895917
8.0,4.0,0,1,0,4,17.974393641323946,0.5903728206467667,1.239678587636666
4.0,3.0,0,1,0,6,17.576710673657836,0.5583681069049236,-0.49225169553200643
4.0,2.0,0,0,0,6,18.75715298057358,-0.2540592419264769,-0.4038879055744211
5.0,2.0,0,0,0,4,16.99356438831222,-0.2895106171482107,-0.22716032565925046
5.0,6.0,0,1,0,4,16.70588231586044,-0.8941535167633379,4.1910291722200155
3.0,3.0,0,0,0,6,17.45309671769066,-0.7464394533394468,-0.8457068553623477
4.0,2.0,0,0,0,2,16.51351042321298,-0.007869136219991892,-0.1387965357016651
3.0,4.0,0,0,0,6,19.275096072108433,0.730701180899463,-0.4569061795489723
4.0,4.0,1,0,0,5,17.822843743196746,0.2383209694864931,-0.49225169553200643
2.0,2.0,1,0,0,1,16.61887093887081,-1.0162638091937544,-0.801524960383555
3.0,3.0,1,1,0,2,17.37085861945369,-0.40177330535036787,-0.5143426430214028
3.0,3.0,0,0,0,4,17.014183675514957,-0.2540592419264769,-0.36854238959138697
3.0,4.0,0,1,0,6,19.41393251696265,0.878415244323354,-0.4569061795489723
3.0,1.0,0,0,0,3,16.972510979114386,-0.9680105484752833,-0.5028553503269166
6.0,5.0,0,0,0,5,18.51599092375669,1.321557434595027,0.03793104421350554
3.0,2.0,0,0,0,3,16.733281290048552,-0.9266506107165938,-0.2713422206380431
4.0,3.0,1,1,0,2,17.822843743196746,0.1152259166332506,-0.4038879055744211
5.0,4.0,0,0,1,5,17.942644943009366,0.21616385997290943,-0.02834179825468346
3.0,3.0,1,0,0,3,17.676240269004868,-0.5987253899155558,-0.5364335905107991
4.0,4.0,0,1,0,5,18.03501826314038,-0.20482122078517986,-0.42597885306381744
3.0,2.0,0,0,0,2,16.785925023533974,-0.8941535167633379,-0.49225169553200643
4.0,4.0,1,1,0,5,18.042344303232454,-0.007869136219991892,-0.5452699695065576
3.0,2.0,0,0,0,4,16.64872390202049,-0.8449154956220408,0.03793104421350554
3.0,2.0,0,0,1,5,17.686711568872166,-0.007869136219991892,-0.49225169553200643
5.0,5.0,0,0,0,3,18.132998671500584,0.2383209694864931,-0.22716032565925046
3.0,2.0,0,0,0,6,17.37085861945369,0.730701180899463,0.17047672914988352
3.0,3.0,0,1,0,2,17.182806387950748,-0.10634517850258589,-0.49225169553200643
5.0,4.0,0,1,0,3,18.049617062561534,0.4845110751929781,0.6564775739166029
4.0,3.0,0,0,1,2,17.312018119430753,-0.10634517850258589,-0.22716032565925046
5.0,3.0,0,1,0,5,18.132998671500584,0.730701180899463,0.39138620404384683
4.0,2.0,0,0,1,2,17.341871082580436,-0.2540592419264769,-0.3155241156168358
4.0,4.0,0,1,0,5,18.234351165760874,-0.5248683582036103,-0.5364335905107991
5.0,3.0,0,1,0,5,18.258161814454592,0.4845110751929781,-0.18297843068045777
4.0,3.0,0,0,0,4,17.399029496420383,-0.2540592419264769,0.6564775739166029
5.0,2.0,0,0,0,2,17.09265529095645,0.003947988853919388,-0.19623299917409562
4.0,2.0,0,1,0,3,17.565014633894645,-0.2540592419264769,-0.44806980055321377
4.0,3.0,0,1,0,4,18.05683731053502,0.0906069060626021,-0.49225169553200643
3.0,3.0,0,1,0,4,18.02763815584276,-0.5002493476329618,-0.4038879055744211
5.0,3.0,0,1,0,3,17.216707939626428,0.2383209694864931,-0.35970601059562846
3.0,2.0,1,0,0,3,16.972510979114386,-0.7484089741850987,-0.5028553503269166
5.0,5.0,0,0,0,5,17.822843743196746,-0.5248683582036103,-0.5055062640256442
6.0,5.0,1,1,0,6,18.81272283172839,0.976891286605948,0.39138620404384683
3.0,2.0,0,0,1,4,17.7667542765457,-0.10634517850258589,-0.22716032565925046
5.0,3.0,0,1,1,3,17.37085861945369,-0.2540592419264769,-0.5806154854895917
4.0,4.0,0,0,0,3,17.47907220409392,0.11325639578759872,-0.44806980055321377
5.0,5.0,0,0,0,4,18.951308995014536,-0.007869136219991892,0.9215689437893588
5.0,2.0,0,1,0,6,18.643824295266576,-0.007869136219991892,1.0982965237045295
4.0,4.0,0,1,0,5,19.92475814072864,-0.9926295590459319,7.72558077052343
4.0,3.0,1,1,0,4,18.05683731053502,0.0906069060626021,-0.49225169553200643
6.0,5.0,1,1,0,2,17.822843743196746,0.4845110751929781,-0.006250850765287128
4.0,4.0,0,0,0,5,18.720785336402702,-0.007869136219991892,1.407569788556078
4.0,4.0,0,0,0,2,17.553180176247643,-0.22451642924169868,0.17047672914988352
3.0,1.0,0,0,0,1,16.166885815127753,-0.8695345061926893,0.2146586241286762
6.0,6.0,0,1,0,6,18.258161814454592,0.2875589906277901,-0.4038879055744211
3.0,1.0,0,0,0,1,16.64872390202049,-0.8449154956220408,-0.22716032565925046
4.0,3.0,0,1,0,2,17.576710673657836,-0.27867825249712536,-0.5806154854895917
4.0,3.0,1,1,0,2,17.37085861945369,0.5583681069049236,-0.3906333370807833
4.0,3.0,0,0,0,5,18.75715298057358,0.976891286605948,3.32506403063568
3.0,2.0,0,1,0,2,16.883563493097892,-0.8695345061926893,-0.5364335905107991
4.0,2.0,0,1,1,3,17.216707939626428,-0.5283150196835011,-0.5806154854895917
6.0,5.0,0,0,0,2,17.576710673657836,0.533749096334275,-0.49225169553200643
4.0,3.0,0,0,0,5,18.258161814454592,0.1398449272038991,0.39138620404384683
4.0,3.0,1,1,0,4,17.840862248699423,-0.007869136219991892,-0.5806154854895917
4.0,3.0,0,0,0,3,18.064005800013632,-0.10634517850258589,0.3030224140862615
3.0,2.0,0,0,0,1,16.440179150127435,-0.8449154956220408,-0.44806980055321377
4.0,3.0,0,1,0,6,18.369387449564815,-0.5494873687742589,-0.44806980055321377
4.0,4.0,0,1,0,4,17.95067711470663,0.0906069060626021,-0.4038879055744211
4.0,4.0,0,0,0,5,18.890684373198102,1.961651709431888,2.8655723228562358
4.0,4.0,0,0,0,5,18.683045008419857,-0.007869136219991892,1.2308422086409074
4.0,3.0,0,0,0,4,18.02763815584276,-0.007869136219991892,-0.22716032565925046
3.0,2.0,0,0,1,4,17.553180176247643,-0.8055250787090033,-0.1387965357016651
3.0,2.0,1,1,0,2,16.972510979114386,-0.7956774744807439,-0.23599670465500894
5.0,4.0,0,0,1,2,17.7473361906886,-0.15558319964388287,-0.22716032565925046
3.0,2.0,0,1,0,1,16.759949537130716,-0.8055250787090033,-0.1387965357016651
5.0,5.0,0,1,0,6,19.209138467952933,0.976891286605948,0.6564775739166029
